antecedents,consequents,antecedent support,consequent support,support,confidence,lift,representativity,leverage,conviction,zhangs_metric,jaccard,certainty,kulczynski,antecedents_str,consequents_str
frozenset({'Anastasia Beverly Hills'}),frozenset({'Charlotte Tilbury'}),0.11557788944723618,0.5979899497487438,0.07537688442211055,0.6521739130434782,1.0906101571063205,1.0,0.0062624681194919235,1.1557788944723613,0.09393939393939382,0.11811023622047244,0.13478260869565184,0.3891121666057727,Anastasia Beverly Hills,Charlotte Tilbury
frozenset({'Charlotte Tilbury'}),frozenset({'Anastasia Beverly Hills'}),0.5979899497487438,0.11557788944723618,0.07537688442211055,0.1260504201680672,1.0906101571063205,1.0,0.0062624681194919235,1.0119829918824894,0.20666666666666644,0.11811023622047244,0.011841100076394157,0.3891121666057727,Charlotte Tilbury,Anastasia Beverly Hills
frozenset({'Anastasia Beverly Hills'}),frozenset({'Make Up By Mario'}),0.11557788944723618,0.2814070351758794,0.05025125628140704,0.4347826086956522,1.5450310559006213,1.0,0.017726825080174743,1.271356783919598,0.3988636363636363,0.14492753623188406,0.21343873517786568,0.3066770186335404,Anastasia Beverly Hills,Make Up By Mario
frozenset({'Make Up By Mario'}),frozenset({'Anastasia Beverly Hills'}),0.2814070351758794,0.11557788944723618,0.05025125628140704,0.17857142857142858,1.545031055900621,1.0,0.017726825080174743,1.0766877867598865,0.4909090909090909,0.14492753623188406,0.07122564935064934,0.3066770186335404,Make Up By Mario,Anastasia Beverly Hills
frozenset({'Charlotte Tilbury'}),frozenset({'Benefit Cosmetics'}),0.5979899497487438,0.1407035175879397,0.09045226130653267,0.15126050420168066,1.0750300120048017,1.0,0.006312971894649119,1.0124384297726257,0.17361111111111094,0.13953488372093023,0.012285616000786268,0.3970588235294118,Charlotte Tilbury,Benefit Cosmetics
frozenset({'Benefit Cosmetics'}),frozenset({'Charlotte Tilbury'}),0.1407035175879397,0.5979899497487438,0.09045226130653267,0.6428571428571429,1.075030012004802,1.0,0.006312971894649119,1.1256281407035176,0.08122157244964254,0.13953488372093023,0.11160714285714289,0.3970588235294118,Benefit Cosmetics,Charlotte Tilbury
frozenset({'Fenty Beauty'}),frozenset({'Benefit Cosmetics'}),0.23115577889447236,0.1407035175879397,0.05527638190954774,0.2391304347826087,1.6995341614906834,1.0,0.022751950708315448,1.1293610911701364,0.5353535353535354,0.17460317460317462,0.11454360539028731,0.31599378881987583,Fenty Beauty,Benefit Cosmetics
frozenset({'Benefit Cosmetics'}),frozenset({'Fenty Beauty'}),0.1407035175879397,0.23115577889447236,0.05527638190954774,0.3928571428571429,1.6995341614906834,1.0,0.022751950708315448,1.2663316582914574,0.47900053163211054,0.17460317460317462,0.21031746031746038,0.31599378881987583,Benefit Cosmetics,Fenty Beauty
frozenset({'Make Up By Mario'}),frozenset({'Benefit Cosmetics'}),0.2814070351758794,0.1407035175879397,0.05025125628140704,0.17857142857142858,1.2691326530612246,1.0,0.010656296558167723,1.046100065545117,0.29510489510489507,0.13513513513513514,0.04406850459482039,0.26785714285714285,Make Up By Mario,Benefit Cosmetics
frozenset({'Benefit Cosmetics'}),frozenset({'Make Up By Mario'}),0.1407035175879397,0.2814070351758794,0.05025125628140704,0.35714285714285715,1.2691326530612246,1.0,0.010656296558167723,1.1178112786152987,0.24678362573099413,0.13513513513513514,0.1053946053946054,0.26785714285714285,Benefit Cosmetics,Make Up By Mario
frozenset({'Benefit Cosmetics'}),frozenset({'Rare Beauty'}),0.1407035175879397,0.35175879396984927,0.05527638190954774,0.3928571428571429,1.1168367346938777,1.0,0.005782682255498599,1.0676913981673073,0.12174375332270068,0.12643678160919541,0.06339977851605762,0.275,Benefit Cosmetics,Rare Beauty
frozenset({'Rare Beauty'}),frozenset({'Benefit Cosmetics'}),0.35175879396984927,0.1407035175879397,0.05527638190954774,0.15714285714285714,1.1168367346938775,1.0,0.005782682255498599,1.0195043011668512,0.1613812544045102,0.12643678160919541,0.01913116123642439,0.275,Rare Beauty,Benefit Cosmetics
frozenset({'Benefit Cosmetics'}),frozenset({'Too Faced'}),0.1407035175879397,0.1306532663316583,0.05527638190954774,0.3928571428571429,3.006868131868132,1.0,0.03689300775232949,1.431865208394916,0.7767145135566188,0.2558139534883721,0.3016102394715112,0.40796703296703296,Benefit Cosmetics,Too Faced
frozenset({'Too Faced'}),frozenset({'Benefit Cosmetics'}),0.1306532663316583,0.1407035175879397,0.05527638190954774,0.4230769230769231,3.006868131868132,1.0,0.03689300775232949,1.4894472361809048,0.7677351550183921,0.2558139534883721,0.32860998650472334,0.40796703296703296,Too Faced,Benefit Cosmetics
frozenset({'Charlotte Tilbury'}),frozenset({'Dior Beauty'}),0.5979899497487438,0.19597989949748743,0.15577889447236182,0.2605042016806723,1.3292393880629176,1.0,0.038584884220095456,1.0872544540886249,0.6161290322580646,0.2440944881889764,0.08025210084033617,0.5276879982762336,Charlotte Tilbury,Dior Beauty
frozenset({'Dior Beauty'}),frozenset({'Charlotte Tilbury'}),0.19597989949748743,0.5979899497487438,0.15577889447236182,0.7948717948717949,1.3292393880629174,1.0,0.038584884220095456,1.9597989949748749,0.30806451612903224,0.2440944881889764,0.48974358974358984,0.5276879982762336,Dior Beauty,Charlotte Tilbury
frozenset({'Drunk Elephant'}),frozenset({'Charlotte Tilbury'}),0.12562814070351758,0.5979899497487438,0.07035175879396985,0.56,0.9364705882352942,1.0,-0.004772606752354733,0.9136592051164916,-0.07199999999999991,0.10769230769230768,-0.09449999999999996,0.33882352941176475,Drunk Elephant,Charlotte Tilbury
frozenset({'Charlotte Tilbury'}),frozenset({'Drunk Elephant'}),0.5979899497487438,0.12562814070351758,0.07035175879396985,0.11764705882352941,0.9364705882352942,1.0,-0.004772606752354733,0.9909547738693468,-0.14438502673796777,0.10769230769230768,-0.009127789046653133,0.33882352941176475,Charlotte Tilbury,Drunk Elephant
frozenset({'Fenty Beauty'}),frozenset({'Charlotte Tilbury'}),0.23115577889447236,0.5979899497487438,0.15577889447236182,0.6739130434782609,1.1269638290098647,1.0,0.017550061867124572,1.2328308207705192,0.1465317309719587,0.23134328358208955,0.18885869565217384,0.4672086225794666,Fenty Beauty,Charlotte Tilbury
frozenset({'Charlotte Tilbury'}),frozenset({'Fenty Beauty'}),0.5979899497487438,0.23115577889447236,0.15577889447236182,0.2605042016806723,1.126963829009865,1.0,0.017550061867124572,1.0396870717222475,0.28024193548387105,0.23134328358208955,0.038172131597737156,0.4672086225794666,Charlotte Tilbury,Fenty Beauty
frozenset({'Glow Recipe'}),frozenset({'Charlotte Tilbury'}),0.07537688442211055,0.5979899497487438,0.05527638190954774,0.7333333333333334,1.2263305322128852,1.0,0.01020176258175299,1.5075376884422114,0.19960474308300402,0.08943089430894309,0.3366666666666668,0.4128851540616247,Glow Recipe,Charlotte Tilbury
frozenset({'Charlotte Tilbury'}),frozenset({'Glow Recipe'}),0.5979899497487438,0.07537688442211055,0.05527638190954774,0.09243697478991597,1.2263305322128852,1.0,0.01020176258175299,1.0187976921645263,0.4590909090909092,0.08943089430894309,0.018450858604311303,0.4128851540616247,Charlotte Tilbury,Glow Recipe
frozenset({'Charlotte Tilbury'}),frozenset({'Hourglass'}),0.5979899497487438,0.19597989949748743,0.15577889447236182,0.2605042016806723,1.3292393880629176,1.0,0.038584884220095456,1.0872544540886249,0.6161290322580646,0.2440944881889764,0.08025210084033617,0.5276879982762336,Charlotte Tilbury,Hourglass
frozenset({'Hourglass'}),frozenset({'Charlotte Tilbury'}),0.19597989949748743,0.5979899497487438,0.15577889447236182,0.7948717948717949,1.3292393880629174,1.0,0.038584884220095456,1.9597989949748749,0.30806451612903224,0.2440944881889764,0.48974358974358984,0.5276879982762336,Hourglass,Charlotte Tilbury
frozenset({'Huda Beauty'}),frozenset({'Charlotte Tilbury'}),0.2562814070351759,0.5979899497487438,0.17587939698492464,0.6862745098039216,1.1476355247981544,1.0,0.022625691270422466,1.2814070351758793,0.17297297297297295,0.25925925925925924,0.21960784313725484,0.4901960784313726,Huda Beauty,Charlotte Tilbury
frozenset({'Charlotte Tilbury'}),frozenset({'Huda Beauty'}),0.5979899497487438,0.2562814070351759,0.17587939698492464,0.29411764705882354,1.1476355247981547,1.0,0.022625691270422466,1.053601340033501,0.32,0.25925925925925924,0.0508744038155803,0.4901960784313726,Charlotte Tilbury,Huda Beauty
frozenset({'Lanc么me'}),frozenset({'Charlotte Tilbury'}),0.08040201005025126,0.5979899497487438,0.05527638190954774,0.6875,1.1496848739495797,1.0,0.007196787959900003,1.28643216080402,0.14157973174366617,0.08870967741935484,0.22265624999999994,0.389968487394958,Lanc么me,Charlotte Tilbury
frozenset({'Charlotte Tilbury'}),frozenset({'Lanc么me'}),0.5979899497487438,0.08040201005025126,0.05527638190954774,0.09243697478991597,1.14968487394958,1.0,0.007196787959900003,1.0132607481853713,0.32386363636363635,0.08870967741935484,0.01308720209395234,0.389968487394958,Charlotte Tilbury,Lanc么me
frozenset({'Charlotte Tilbury'}),frozenset({'MAC Cosmetics'}),0.5979899497487438,0.07035175879396985,0.05527638190954774,0.09243697478991597,1.3139255702280914,1.0,0.013206737203605969,1.0243346361436814,0.5943181818181817,0.09016393442622951,0.023756529638882584,0.4390756302521009,Charlotte Tilbury,MAC Cosmetics
frozenset({'MAC Cosmetics'}),frozenset({'Charlotte Tilbury'}),0.07035175879396985,0.5979899497487438,0.05527638190954774,0.7857142857142858,1.3139255702280914,1.0,0.013206737203605969,1.87604690117253,0.257002457002457,0.09016393442622951,0.4669642857142859,0.4390756302521009,MAC Cosmetics,Charlotte Tilbury
frozenset({'Make Up By Mario'}),frozenset({'Charlotte Tilbury'}),0.2814070351758794,0.5979899497487438,0.20100502512562815,0.7142857142857143,1.1944777911164466,1.0,0.032726446301861056,1.4070351758793969,0.22657342657342652,0.2962962962962963,0.28928571428571426,0.5252100840336135,Make Up By Mario,Charlotte Tilbury
frozenset({'Charlotte Tilbury'}),frozenset({'Make Up By Mario'}),0.5979899497487438,0.2814070351758794,0.20100502512562815,0.3361344537815126,1.1944777911164466,1.0,0.032726446301861056,1.082437503975574,0.4049999999999999,0.2962962962962963,0.07615913498266436,0.5252100840336135,Charlotte Tilbury,Make Up By Mario
frozenset({'Charlotte Tilbury'}),frozenset({'NARS'}),0.5979899497487438,0.15577889447236182,0.10552763819095477,0.1764705882352941,1.1328273244781781,1.0,0.012373424913512274,1.0251256281407035,0.2916666666666664,0.1627906976744186,0.0245098039215686,0.42694497153700184,Charlotte Tilbury,NARS
frozenset({'NARS'}),frozenset({'Charlotte Tilbury'}),0.15577889447236182,0.5979899497487438,0.10552763819095477,0.6774193548387096,1.1328273244781781,1.0,0.012373424913512274,1.246231155778894,0.13888888888888876,0.1627906976744186,0.19758064516129015,0.42694497153700184,NARS,Charlotte Tilbury
frozenset({'Natasha Denona'}),frozenset({'Charlotte Tilbury'}),0.08040201005025126,0.5979899497487438,0.05025125628140704,0.625,1.0451680672268906,1.0,0.0021716623317592984,1.0720268006700167,0.04699453551912567,0.08,0.06718749999999991,0.3545168067226891,Natasha Denona,Charlotte Tilbury
frozenset({'Charlotte Tilbury'}),frozenset({'Natasha Denona'}),0.5979899497487438,0.08040201005025126,0.05025125628140704,0.08403361344537814,1.0451680672268906,1.0,0.0021716623317592984,1.003964778018533,0.10749999999999997,0.08,0.003949120631859292,0.3545168067226891,Charlotte Tilbury,Natasha Denona
frozenset({'Charlotte Tilbury'}),frozenset({'Patrick Ta Beauty'}),0.5979899497487438,0.12060301507537688,0.07035175879396985,0.11764705882352941,0.9754901960784313,1.0,-0.0017676321305017534,0.9966499162479062,-0.05882352941176465,0.10852713178294573,-0.003361344537815122,0.3504901960784314,Charlotte Tilbury,Patrick Ta Beauty
frozenset({'Patrick Ta Beauty'}),frozenset({'Charlotte Tilbury'}),0.12060301507537688,0.5979899497487438,0.07035175879396985,0.5833333333333334,0.9754901960784313,1.0,-0.0017676321305017534,0.964824120603015,-0.02777777777777775,0.10852713178294573,-0.036458333333333336,0.3504901960784314,Patrick Ta Beauty,Charlotte Tilbury
frozenset({'Charlotte Tilbury'}),frozenset({'Rare Beauty'}),0.5979899497487438,0.35175879396984927,0.19597989949748743,0.32773109243697474,0.9316926770708281,1.0,-0.014368324032221436,0.9642587939698493,-0.15424234209812981,0.25999999999999995,-0.03706598918637234,0.4424369747899159,Charlotte Tilbury,Rare Beauty
frozenset({'Rare Beauty'}),frozenset({'Charlotte Tilbury'}),0.35175879396984927,0.5979899497487438,0.19597989949748743,0.557142857142857,0.9316926770708281,1.0,-0.014368324032221436,0.9077646295996107,-0.10160714285714302,0.25999999999999995,-0.10160714285714319,0.4424369747899159,Rare Beauty,Charlotte Tilbury
frozenset({'Charlotte Tilbury'}),frozenset({'Too Faced'}),0.5979899497487438,0.1306532663316583,0.08040201005025126,0.13445378151260504,1.029088558500323,1.0,0.002272669882073669,1.0043908864711908,0.07031249999999951,0.12403100775193798,0.004371690872880926,0.37491919844861016,Charlotte Tilbury,Too Faced
frozenset({'Too Faced'}),frozenset({'Charlotte Tilbury'}),0.1306532663316583,0.5979899497487438,0.08040201005025126,0.6153846153846153,1.029088558500323,1.0,0.002272669882073669,1.045226130653266,0.03251445086705179,0.12403100775193798,0.04326923076923049,0.37491919844861016,Too Faced,Charlotte Tilbury
frozenset({'Charlotte Tilbury'}),frozenset({'Urban Decay'}),0.5979899497487438,0.06532663316582915,0.05025125628140704,0.08403361344537814,1.2863606981254039,1.0,0.011186586197318243,1.0204232170024434,0.5537499999999997,0.0819672131147541,0.020014457395861555,0.4266321913380737,Charlotte Tilbury,Urban Decay
frozenset({'Urban Decay'}),frozenset({'Charlotte Tilbury'}),0.06532663316582915,0.5979899497487438,0.05025125628140704,0.7692307692307692,1.2863606981254039,1.0,0.011186586197318243,1.7420435510887766,0.23817204301075254,0.0819672131147541,0.4259615384615382,0.4266321913380737,Urban Decay,Charlotte Tilbury
frozenset({'Charlotte Tilbury'}),frozenset({'YSL Beauty'}),0.5979899497487438,0.05527638190954774,0.05025125628140704,0.08403361344537814,1.5202444614209318,1.0,0.017196535441024216,1.0313955096583838,0.8512500000000001,0.08333333333333333,0.030439835508671544,0.4965622612681436,Charlotte Tilbury,YSL Beauty
frozenset({'YSL Beauty'}),frozenset({'Charlotte Tilbury'}),0.05527638190954774,0.5979899497487438,0.05025125628140704,0.9090909090909091,1.5202444614209318,1.0,0.017196535441024216,4.422110552763817,0.36223404255319147,0.08333333333333333,0.7738636363636363,0.4965622612681436,YSL Beauty,Charlotte Tilbury
frozenset({'Charlotte Tilbury'}),frozenset({'tarte'}),0.5979899497487438,0.09547738693467336,0.07035175879396985,0.11764705882352941,1.2321981424148607,1.0,0.013257240978763157,1.0251256281407035,0.46874999999999983,0.11290322580645161,0.024509803921568627,0.4272445820433437,Charlotte Tilbury,tarte
frozenset({'tarte'}),frozenset({'Charlotte Tilbury'}),0.09547738693467336,0.5979899497487438,0.07035175879396985,0.736842105263158,1.2321981424148607,1.0,0.013257240978763157,1.527638190954774,0.20833333333333326,0.11290322580645161,0.34539473684210537,0.4272445820433437,tarte,Charlotte Tilbury
frozenset({'Fenty Beauty'}),frozenset({'Dior Beauty'}),0.23115577889447236,0.19597989949748743,0.05527638190954774,0.2391304347826087,1.2201783723522854,1.0,0.009974495593545622,1.0567121320890165,0.23469994058229363,0.14864864864864868,0.05366847826086959,0.2605908584169454,Fenty Beauty,Dior Beauty
frozenset({'Dior Beauty'}),frozenset({'Fenty Beauty'}),0.19597989949748743,0.23115577889447236,0.05527638190954774,0.2820512820512821,1.2201783723522857,1.0,0.009974495593545622,1.0708901651112708,0.22443181818181826,0.14864864864864868,0.06619741913859567,0.2605908584169454,Dior Beauty,Fenty Beauty
frozenset({'Dior Beauty'}),frozenset({'Hourglass'}),0.19597989949748743,0.19597989949748743,0.07035175879396985,0.358974358974359,1.831689677843524,1.0,0.03194363778692458,1.2542713567839199,0.5647321428571429,0.21875000000000003,0.20272435897435898,0.358974358974359,Dior Beauty,Hourglass
frozenset({'Hourglass'}),frozenset({'Dior Beauty'}),0.19597989949748743,0.19597989949748743,0.07035175879396985,0.358974358974359,1.831689677843524,1.0,0.03194363778692458,1.2542713567839199,0.5647321428571429,0.21875000000000003,0.20272435897435898,0.358974358974359,Hourglass,Dior Beauty
frozenset({'Huda Beauty'}),frozenset({'Dior Beauty'}),0.2562814070351759,0.19597989949748743,0.07035175879396985,0.27450980392156865,1.4007038712921067,1.0,0.020125754400141416,1.1082439223142742,0.3846525096525098,0.1842105263157895,0.09767156862745102,0.3167420814479638,Huda Beauty,Dior Beauty
frozenset({'Dior Beauty'}),frozenset({'Huda Beauty'}),0.19597989949748743,0.2562814070351759,0.07035175879396985,0.358974358974359,1.4007038712921065,1.0,0.020125754400141416,1.1602010050251257,0.3558035714285715,0.1842105263157895,0.13808038808038808,0.3167420814479638,Dior Beauty,Huda Beauty
frozenset({'Make Up By Mario'}),frozenset({'Dior Beauty'}),0.2814070351758794,0.19597989949748743,0.10050251256281408,0.35714285714285715,1.8223443223443225,1.0,0.04535239009115932,1.2506979341150197,0.6279720279720281,0.2666666666666667,0.20044642857142858,0.434981684981685,Make Up By Mario,Dior Beauty
frozenset({'Dior Beauty'}),frozenset({'Make Up By Mario'}),0.19597989949748743,0.2814070351758794,0.10050251256281408,0.5128205128205129,1.8223443223443225,1.0,0.04535239009115932,1.4750066120074057,0.56125,0.2666666666666667,0.3220369374215529,0.434981684981685,Dior Beauty,Make Up By Mario
frozenset({'Dior Beauty'}),frozenset({'Rare Beauty'}),0.19597989949748743,0.35175879396984927,0.09045226130653267,0.46153846153846156,1.312087912087912,1.0,0.021514608216964215,1.2038765254845658,0.2958333333333333,0.1978021978021978,0.16935002981514607,0.35934065934065934,Dior Beauty,Rare Beauty
frozenset({'Rare Beauty'}),frozenset({'Dior Beauty'}),0.35175879396984927,0.19597989949748743,0.09045226130653267,0.2571428571428571,1.312087912087912,1.0,0.021514608216964215,1.0823347506764593,0.3669250645994831,0.1978021978021978,0.07607142857142855,0.35934065934065934,Rare Beauty,Dior Beauty
frozenset({'Drunk Elephant'}),frozenset({'Rare Beauty'}),0.12562814070351758,0.35175879396984927,0.05527638190954774,0.44000000000000006,1.250857142857143,1.0,0.011085578647003866,1.157573582196698,0.229362591431557,0.13095238095238096,0.13612403100775197,0.2985714285714286,Drunk Elephant,Rare Beauty
frozenset({'Rare Beauty'}),frozenset({'Drunk Elephant'}),0.35175879396984927,0.12562814070351758,0.05527638190954774,0.15714285714285714,1.250857142857143,1.0,0.011085578647003866,1.0373903415381995,0.3093727977448908,0.13095238095238096,0.03604269293924467,0.2985714285714286,Rare Beauty,Drunk Elephant
frozenset({'Huda Beauty'}),frozenset({'Fenty Beauty'}),0.2562814070351759,0.23115577889447236,0.09045226130653267,0.35294117647058826,1.5268542199488493,1.0,0.031211333047145275,1.1882137962539974,0.463963963963964,0.2278481012658228,0.15840061514802,0.3721227621483376,Huda Beauty,Fenty Beauty
frozenset({'Fenty Beauty'}),frozenset({'Huda Beauty'}),0.23115577889447236,0.2562814070351759,0.09045226130653267,0.391304347826087,1.526854219948849,1.0,0.031211333047145275,1.2218234027279253,0.44880174291939,0.2278481012658228,0.18155111633372506,0.3721227621483376,Fenty Beauty,Huda Beauty
frozenset({'Make Up By Mario'}),frozenset({'Fenty Beauty'}),0.2814070351758794,0.23115577889447236,0.06532663316582915,0.23214285714285715,1.0042701863354038,1.0,0.00027777076336456263,1.0012854972537104,0.005917159763313633,0.1460674157303371,0.0012838468720821744,0.2573757763975155,Make Up By Mario,Fenty Beauty
frozenset({'Fenty Beauty'}),frozenset({'Make Up By Mario'}),0.23115577889447236,0.2814070351758794,0.06532663316582915,0.28260869565217395,1.0042701863354038,1.0,0.00027777076336456263,1.001675041876047,0.0055304172951232,0.1460674157303371,0.0016722408026756362,0.2573757763975155,Fenty Beauty,Make Up By Mario
frozenset({'Fenty Beauty'}),frozenset({'NARS'}),0.23115577889447236,0.15577889447236182,0.05025125628140704,0.2173913043478261,1.3955119214586256,1.0,0.014242064594328425,1.0787269681742044,0.3686274509803921,0.1492537313432836,0.07298136645962734,0.2699859747545582,Fenty Beauty,NARS
frozenset({'NARS'}),frozenset({'Fenty Beauty'}),0.15577889447236182,0.23115577889447236,0.05025125628140704,0.3225806451612903,1.3955119214586256,1.0,0.014242064594328425,1.1349605168700645,0.3357142857142857,0.1492537313432836,0.11891208096141681,0.2699859747545582,NARS,Fenty Beauty
frozenset({'Fenty Beauty'}),frozenset({'Rare Beauty'}),0.23115577889447236,0.35175879396984927,0.09045226130653267,0.391304347826087,1.112422360248447,1.0,0.009141183303451927,1.064967695620962,0.13144517066085687,0.18367346938775508,0.06100438153016514,0.324223602484472,Fenty Beauty,Rare Beauty
frozenset({'Rare Beauty'}),frozenset({'Fenty Beauty'}),0.35175879396984927,0.23115577889447236,0.09045226130653267,0.2571428571428571,1.112422360248447,1.0,0.009141183303451927,1.034982605334364,0.15590008613264417,0.18367346938775508,0.033800186741363175,0.324223602484472,Rare Beauty,Fenty Beauty
frozenset({'Fenty Beauty'}),frozenset({'Too Faced'}),0.23115577889447236,0.1306532663316583,0.05025125628140704,0.2173913043478261,1.6638795986622075,1.0,0.020049998737405622,1.1108319374651034,0.5189542483660131,0.16129032258064516,0.09977381251570748,0.3010033444816054,Fenty Beauty,Too Faced
frozenset({'Too Faced'}),frozenset({'Fenty Beauty'}),0.1306532663316583,0.23115577889447236,0.05025125628140704,0.3846153846153846,1.6638795986622072,1.0,0.020049998737405622,1.2493718592964824,0.45895953757225433,0.16129032258064516,0.1995977878330819,0.3010033444816054,Too Faced,Fenty Beauty
frozenset({'Huda Beauty'}),frozenset({'Hourglass'}),0.2562814070351759,0.19597989949748743,0.06030150753768844,0.23529411764705882,1.200603318250377,1.0,0.010075503143860007,1.051410900657132,0.22466216216216225,0.15384615384615385,0.04889705882352942,0.2714932126696833,Huda Beauty,Hourglass
frozenset({'Hourglass'}),frozenset({'Huda Beauty'}),0.19597989949748743,0.2562814070351759,0.06030150753768844,0.3076923076923077,1.2006033182503772,1.0,0.010075503143860007,1.0742601898380792,0.20781250000000007,0.15384615384615385,0.06912681912681914,0.2714932126696833,Hourglass,Huda Beauty
frozenset({'Make Up By Mario'}),frozenset({'Hourglass'}),0.2814070351758794,0.19597989949748743,0.08542713567839195,0.30357142857142855,1.548992673992674,1.0,0.030277013206737202,1.1544904007215566,0.49321266968325794,0.21794871794871795,0.13381696428571427,0.36973443223443225,Make Up By Mario,Hourglass
frozenset({'Hourglass'}),frozenset({'Make Up By Mario'}),0.19597989949748743,0.2814070351758794,0.08542713567839195,0.4358974358974359,1.548992673992674,1.0,0.030277013206737202,1.2738693467336684,0.4408088235294117,0.21794871794871795,0.21499013806706116,0.36973443223443225,Hourglass,Make Up By Mario
frozenset({'Hourglass'}),frozenset({'Patrick Ta Beauty'}),0.19597989949748743,0.12060301507537688,0.06532663316582915,0.33333333333333337,2.7638888888888893,1.0,0.041690866392262826,1.3190954773869348,0.79375,0.26000000000000006,0.24190476190476196,0.43750000000000006,Hourglass,Patrick Ta Beauty
frozenset({'Patrick Ta Beauty'}),frozenset({'Hourglass'}),0.12060301507537688,0.19597989949748743,0.06532663316582915,0.5416666666666667,2.7638888888888893,1.0,0.041690866392262826,1.7542256738236641,0.7257142857142856,0.26000000000000006,0.42994791666666676,0.43750000000000006,Patrick Ta Beauty,Hourglass
frozenset({'Hourglass'}),frozenset({'Rare Beauty'}),0.19597989949748743,0.35175879396984927,0.05527638190954774,0.2820512820512821,0.801831501831502,1.0,-0.01366127118002071,0.9029073941134245,-0.23511516731855722,0.11224489795918367,-0.10753329357980516,0.21959706959706962,Hourglass,Rare Beauty
frozenset({'Rare Beauty'}),frozenset({'Hourglass'}),0.35175879396984927,0.19597989949748743,0.05527638190954774,0.15714285714285714,0.8018315018315019,1.0,-0.01366127118002071,0.9539221531385743,-0.27602040816326534,0.11224489795918367,-0.04830357142857142,0.21959706959706962,Rare Beauty,Hourglass
frozenset({'Make Up By Mario'}),frozenset({'Huda Beauty'}),0.2814070351758794,0.2562814070351759,0.10050251256281408,0.35714285714285715,1.3935574229691876,1.0,0.028383121638342473,1.1568955890563932,0.3930069930069931,0.22988505747126436,0.13561776061776062,0.3746498599439776,Make Up By Mario,Huda Beauty
frozenset({'Huda Beauty'}),frozenset({'Make Up By Mario'}),0.2562814070351759,0.2814070351758794,0.10050251256281408,0.39215686274509803,1.3935574229691876,1.0,0.028383121638342473,1.182201329226779,0.37972972972972985,0.22988505747126436,0.15412038941450706,0.3746498599439776,Huda Beauty,Make Up By Mario
frozenset({'Huda Beauty'}),frozenset({'NARS'}),0.2562814070351759,0.15577889447236182,0.05025125628140704,0.19607843137254902,1.2586970271979758,1.0,0.010328022019645972,1.0501286922416961,0.2763513513513514,0.1388888888888889,0.04773576097105508,0.2593295382669197,Huda Beauty,NARS
frozenset({'NARS'}),frozenset({'Huda Beauty'}),0.15577889447236182,0.2562814070351759,0.05025125628140704,0.3225806451612903,1.2586970271979758,1.0,0.010328022019645972,1.0978703039004545,0.243452380952381,0.1388888888888889,0.08914559721011332,0.2593295382669197,NARS,Huda Beauty
frozenset({'Huda Beauty'}),frozenset({'Rare Beauty'}),0.2562814070351759,0.35175879396984927,0.08542713567839195,0.3333333333333333,0.9476190476190475,1.0,-0.004722102977197551,0.9723618090452261,-0.06918238993710699,0.16346153846153844,-0.028423772609819185,0.28809523809523807,Huda Beauty,Rare Beauty
frozenset({'Rare Beauty'}),frozenset({'Huda Beauty'}),0.35175879396984927,0.2562814070351759,0.08542713567839195,0.24285714285714283,0.9476190476190475,1.0,-0.004722102977197551,0.982269839764862,-0.07857142857142865,0.16346153846153844,-0.01805019305019309,0.28809523809523807,Rare Beauty,Huda Beauty
frozenset({'Make Up By Mario'}),frozenset({'NARS'}),0.2814070351758794,0.15577889447236182,0.05025125628140704,0.17857142857142858,1.1463133640552996,1.0,0.006413979444963511,1.0277474328162552,0.1776223776223776,0.12987012987012989,0.026998299319727886,0.25057603686635943,Make Up By Mario,NARS
frozenset({'NARS'}),frozenset({'Make Up By Mario'}),0.15577889447236182,0.2814070351758794,0.05025125628140704,0.3225806451612903,1.1463133640552996,1.0,0.006413979444963511,1.0607800909308447,0.15119047619047618,0.12987012987012989,0.0572975411685089,0.25057603686635943,NARS,Make Up By Mario
frozenset({'Make Up By Mario'}),frozenset({'Patrick Ta Beauty'}),0.2814070351758794,0.12060301507537688,0.06030150753768844,0.21428571428571427,1.7767857142857142,1.0,0.02636297063205475,1.1192325262677023,0.6083916083916084,0.17647058823529413,0.10653061224489795,0.35714285714285715,Make Up By Mario,Patrick Ta Beauty
frozenset({'Patrick Ta Beauty'}),frozenset({'Make Up By Mario'}),0.12060301507537688,0.2814070351758794,0.06030150753768844,0.5,1.7767857142857144,1.0,0.02636297063205475,1.4371859296482412,0.49714285714285716,0.17647058823529413,0.3041958041958042,0.35714285714285715,Patrick Ta Beauty,Make Up By Mario
frozenset({'Make Up By Mario'}),frozenset({'Rare Beauty'}),0.2814070351758794,0.35175879396984927,0.10050251256281408,0.35714285714285715,1.0153061224489794,1.0,0.0015151132547157886,1.0083752093802347,0.02097902097902096,0.18867924528301885,0.008305647840531536,0.3214285714285714,Make Up By Mario,Rare Beauty
frozenset({'Rare Beauty'}),frozenset({'Make Up By Mario'}),0.35175879396984927,0.2814070351758794,0.10050251256281408,0.2857142857142857,1.0153061224489794,1.0,0.0015151132547157886,1.0060301507537688,0.023255813953488347,0.18867924528301885,0.005994005994005976,0.3214285714285714,Rare Beauty,Make Up By Mario
frozenset({'NARS'}),frozenset({'Rare Beauty'}),0.15577889447236182,0.35175879396984927,0.07537688442211055,0.4838709677419354,1.375576036866359,1.0,0.020580288376556136,1.255967336683417,0.32341269841269826,0.17441860465116274,0.2038009502375592,0.34907834101382484,NARS,Rare Beauty
frozenset({'Rare Beauty'}),frozenset({'NARS'}),0.35175879396984927,0.15577889447236182,0.07537688442211055,0.21428571428571425,1.3755760368663592,1.0,0.020580288376556136,1.074463225216994,0.42118863049095584,0.17441860465116274,0.06930272108843531,0.34907834101382484,Rare Beauty,NARS
frozenset({'Too Faced'}),frozenset({'Rare Beauty'}),0.1306532663316583,0.35175879396984927,0.05527638190954774,0.4230769230769231,1.2027472527472527,1.0,0.009317946516502106,1.1236180904522615,0.19390436153441926,0.12941176470588237,0.11001788908765649,0.2901098901098901,Too Faced,Rare Beauty
frozenset({'Rare Beauty'}),frozenset({'Too Faced'}),0.35175879396984927,0.1306532663316583,0.05527638190954774,0.15714285714285714,1.2027472527472527,1.0,0.009317946516502106,1.0314283280810834,0.2600422832980971,0.12941176470588237,0.030470685383980168,0.2901098901098901,Rare Beauty,Too Faced
"frozenset({'Charlotte Tilbury', 'Hourglass'})",frozenset({'Dior Beauty'}),0.15577889447236182,0.19597989949748743,0.06030150753768844,0.3870967741935484,1.9751861042183623,1.0,0.029771975455165273,1.3118222692409416,0.5848214285714286,0.20689655172413793,0.2377016129032258,0.34739454094292804,"Charlotte Tilbury, Hourglass",Dior Beauty
"frozenset({'Charlotte Tilbury', 'Dior Beauty'})",frozenset({'Hourglass'}),0.15577889447236182,0.19597989949748743,0.06030150753768844,0.3870967741935484,1.9751861042183623,1.0,0.029771975455165273,1.3118222692409416,0.5848214285714286,0.20689655172413793,0.2377016129032258,0.34739454094292804,"Charlotte Tilbury, Dior Beauty",Hourglass
"frozenset({'Dior Beauty', 'Hourglass'})",frozenset({'Charlotte Tilbury'}),0.07035175879396985,0.5979899497487438,0.06030150753768844,0.8571428571428571,1.4333733493397358,1.0,0.018231862831746666,2.814070351758793,0.3252252252252251,0.09917355371900827,0.644642857142857,0.4789915966386554,"Dior Beauty, Hourglass",Charlotte Tilbury
frozenset({'Charlotte Tilbury'}),"frozenset({'Dior Beauty', 'Hourglass'})",0.5979899497487438,0.07035175879396985,0.06030150753768844,0.10084033613445377,1.4333733493397358,1.0,0.018231862831746666,1.0339078570422204,0.7520833333333332,0.09917355371900827,0.032795821031115134,0.4789915966386554,Charlotte Tilbury,"Dior Beauty, Hourglass"
frozenset({'Hourglass'}),"frozenset({'Charlotte Tilbury', 'Dior Beauty'})",0.19597989949748743,0.15577889447236182,0.06030150753768844,0.3076923076923077,1.9751861042183623,1.0,0.029771975455165273,1.219430485762144,0.6140625000000001,0.20689655172413793,0.17994505494505494,0.34739454094292804,Hourglass,"Charlotte Tilbury, Dior Beauty"
frozenset({'Dior Beauty'}),"frozenset({'Charlotte Tilbury', 'Hourglass'})",0.19597989949748743,0.15577889447236182,0.06030150753768844,0.3076923076923077,1.9751861042183623,1.0,0.029771975455165273,1.219430485762144,0.6140625000000001,0.20689655172413793,0.17994505494505494,0.34739454094292804,Dior Beauty,"Charlotte Tilbury, Hourglass"
"frozenset({'Huda Beauty', 'Charlotte Tilbury'})",frozenset({'Dior Beauty'}),0.17587939698492464,0.19597989949748743,0.06030150753768844,0.3428571428571428,1.7494505494505492,1.0,0.025832680992904214,1.22350884859078,0.5198170731707316,0.1935483870967742,0.18267857142857136,0.32527472527472523,"Huda Beauty, Charlotte Tilbury",Dior Beauty
"frozenset({'Huda Beauty', 'Dior Beauty'})",frozenset({'Charlotte Tilbury'}),0.07035175879396985,0.5979899497487438,0.06030150753768844,0.8571428571428571,1.4333733493397358,1.0,0.018231862831746666,2.814070351758793,0.3252252252252251,0.09917355371900827,0.644642857142857,0.4789915966386554,"Huda Beauty, Dior Beauty",Charlotte Tilbury
"frozenset({'Charlotte Tilbury', 'Dior Beauty'})",frozenset({'Huda Beauty'}),0.15577889447236182,0.2562814070351759,0.06030150753768844,0.3870967741935484,1.5104364326375712,1.0,0.020378273275927374,1.213435599047871,0.400297619047619,0.1714285714285714,0.17589363557105492,0.31119544592030357,"Charlotte Tilbury, Dior Beauty",Huda Beauty
frozenset({'Huda Beauty'}),"frozenset({'Charlotte Tilbury', 'Dior Beauty'})",0.2562814070351759,0.15577889447236182,0.06030150753768844,0.23529411764705882,1.510436432637571,1.0,0.020378273275927374,1.1039814456899886,0.4543918918918919,0.1714285714285714,0.094187675070028,0.31119544592030357,Huda Beauty,"Charlotte Tilbury, Dior Beauty"
frozenset({'Charlotte Tilbury'}),"frozenset({'Huda Beauty', 'Dior Beauty'})",0.5979899497487438,0.07035175879396985,0.06030150753768844,0.10084033613445377,1.4333733493397358,1.0,0.018231862831746666,1.0339078570422204,0.7520833333333332,0.09917355371900827,0.032795821031115134,0.4789915966386554,Charlotte Tilbury,"Huda Beauty, Dior Beauty"
frozenset({'Dior Beauty'}),"frozenset({'Huda Beauty', 'Charlotte Tilbury'})",0.19597989949748743,0.17587939698492464,0.06030150753768844,0.3076923076923077,1.7494505494505495,1.0,0.025832680992904214,1.1903964265773312,0.5328124999999999,0.1935483870967742,0.15994371482176362,0.32527472527472523,Dior Beauty,"Huda Beauty, Charlotte Tilbury"
"frozenset({'Make Up By Mario', 'Charlotte Tilbury'})",frozenset({'Dior Beauty'}),0.20100502512562815,0.19597989949748743,0.08040201005025126,0.39999999999999997,2.041025641025641,1.0,0.04100906542764072,1.3400335008375208,0.6383647798742138,0.253968253968254,0.25375,0.40512820512820513,"Make Up By Mario, Charlotte Tilbury",Dior Beauty
"frozenset({'Make Up By Mario', 'Dior Beauty'})",frozenset({'Charlotte Tilbury'}),0.10050251256281408,0.5979899497487438,0.08040201005025126,0.7999999999999999,1.33781512605042,1.0,0.02030251761319158,2.0100502512562803,0.2807262569832401,0.13008130081300812,0.5024999999999998,0.46722689075630247,"Make Up By Mario, Dior Beauty",Charlotte Tilbury
"frozenset({'Charlotte Tilbury', 'Dior Beauty'})",frozenset({'Make Up By Mario'}),0.15577889447236182,0.2814070351758794,0.08040201005025126,0.5161290322580645,1.8341013824884793,1.0,0.03656473321380773,1.4850921273031825,0.5386904761904762,0.22535211267605634,0.3266411008346492,0.4009216589861751,"Charlotte Tilbury, Dior Beauty",Make Up By Mario
frozenset({'Make Up By Mario'}),"frozenset({'Charlotte Tilbury', 'Dior Beauty'})",0.2814070351758794,0.15577889447236182,0.08040201005025126,0.2857142857142857,1.834101382488479,1.0,0.03656473321380773,1.1819095477386934,0.6328671328671328,0.22535211267605634,0.15391156462585032,0.4009216589861751,Make Up By Mario,"Charlotte Tilbury, Dior Beauty"
frozenset({'Charlotte Tilbury'}),"frozenset({'Make Up By Mario', 'Dior Beauty'})",0.5979899497487438,0.10050251256281408,0.08040201005025126,0.13445378151260504,1.33781512605042,1.0,0.02030251761319158,1.039225252475972,0.6281249999999998,0.13008130081300812,0.03774470682127598,0.46722689075630247,Charlotte Tilbury,"Make Up By Mario, Dior Beauty"
frozenset({'Dior Beauty'}),"frozenset({'Make Up By Mario', 'Charlotte Tilbury'})",0.19597989949748743,0.20100502512562815,0.08040201005025126,0.4102564102564103,2.0410256410256413,1.0,0.04100906542764072,1.3548175660913264,0.6343749999999999,0.253968253968254,0.2618932430253185,0.40512820512820513,Dior Beauty,"Make Up By Mario, Charlotte Tilbury"
"frozenset({'Charlotte Tilbury', 'Rare Beauty'})",frozenset({'Dior Beauty'}),0.19597989949748743,0.19597989949748743,0.07035175879396985,0.358974358974359,1.831689677843524,1.0,0.03194363778692458,1.2542713567839199,0.5647321428571429,0.21875000000000003,0.20272435897435898,0.358974358974359,"Charlotte Tilbury, Rare Beauty",Dior Beauty
"frozenset({'Charlotte Tilbury', 'Dior Beauty'})",frozenset({'Rare Beauty'}),0.15577889447236182,0.35175879396984927,0.07035175879396985,0.45161290322580644,1.2838709677419353,1.0,0.015555162748415438,1.1820869051138045,0.2619047619047618,0.160919540229885,0.15403850962740678,0.3258064516129032,"Charlotte Tilbury, Dior Beauty",Rare Beauty
"frozenset({'Dior Beauty', 'Rare Beauty'})",frozenset({'Charlotte Tilbury'}),0.09045226130653267,0.5979899497487438,0.07035175879396985,0.7777777777777778,1.3006535947712419,1.0,0.016262215600616144,1.809045226130653,0.25414364640883974,0.11382113821138211,0.4472222222222222,0.4477124183006536,"Dior Beauty, Rare Beauty",Charlotte Tilbury
frozenset({'Charlotte Tilbury'}),"frozenset({'Dior Beauty', 'Rare Beauty'})",0.5979899497487438,0.09045226130653267,0.07035175879396985,0.11764705882352941,1.3006535947712419,1.0,0.016262215600616144,1.0308207705192631,0.575,0.11382113821138211,0.029899252518687025,0.4477124183006536,Charlotte Tilbury,"Dior Beauty, Rare Beauty"
frozenset({'Rare Beauty'}),"frozenset({'Charlotte Tilbury', 'Dior Beauty'})",0.35175879396984927,0.15577889447236182,0.07035175879396985,0.19999999999999998,1.2838709677419353,1.0,0.015555162748415438,1.0552763819095476,0.34108527131782934,0.160919540229885,0.052380952380952354,0.3258064516129032,Rare Beauty,"Charlotte Tilbury, Dior Beauty"
frozenset({'Dior Beauty'}),"frozenset({'Charlotte Tilbury', 'Rare Beauty'})",0.19597989949748743,0.19597989949748743,0.07035175879396985,0.358974358974359,1.831689677843524,1.0,0.03194363778692458,1.2542713567839199,0.5647321428571429,0.21875000000000003,0.20272435897435898,0.358974358974359,Dior Beauty,"Charlotte Tilbury, Rare Beauty"
"frozenset({'Huda Beauty', 'Fenty Beauty'})",frozenset({'Charlotte Tilbury'}),0.09045226130653267,0.5979899497487438,0.07537688442211055,0.8333333333333333,1.3935574229691874,1.0,0.02128734122875684,2.4120603015075366,0.31049723756906067,0.12295081967213115,0.5854166666666665,0.47969187675070024,"Huda Beauty, Fenty Beauty",Charlotte Tilbury
"frozenset({'Huda Beauty', 'Charlotte Tilbury'})",frozenset({'Fenty Beauty'}),0.17587939698492464,0.23115577889447236,0.07537688442211055,0.4285714285714285,1.854037267080745,1.0,0.03472134542057018,1.3454773869346732,0.5589430894308941,0.22727272727272727,0.25676937441643316,0.3773291925465838,"Huda Beauty, Charlotte Tilbury",Fenty Beauty
"frozenset({'Fenty Beauty', 'Charlotte Tilbury'})",frozenset({'Huda Beauty'}),0.15577889447236182,0.2562814070351759,0.07537688442211055,0.4838709677419354,1.8880455407969636,1.0,0.03545365016034948,1.4409547738693465,0.557142857142857,0.22388059701492535,0.3060156931124672,0.38899430740037944,"Fenty Beauty, Charlotte Tilbury",Huda Beauty
frozenset({'Huda Beauty'}),"frozenset({'Fenty Beauty', 'Charlotte Tilbury'})",0.2562814070351759,0.15577889447236182,0.07537688442211055,0.2941176470588235,1.8880455407969636,1.0,0.03545365016034948,1.1959798994974873,0.6324324324324323,0.22388059701492535,0.16386554621848734,0.38899430740037944,Huda Beauty,"Fenty Beauty, Charlotte Tilbury"
frozenset({'Fenty Beauty'}),"frozenset({'Huda Beauty', 'Charlotte Tilbury'})",0.23115577889447236,0.17587939698492464,0.07537688442211055,0.3260869565217391,1.854037267080745,1.0,0.03472134542057018,1.222888636732047,0.5991285403050107,0.22727272727272727,0.1822640509013785,0.3773291925465838,Fenty Beauty,"Huda Beauty, Charlotte Tilbury"
frozenset({'Charlotte Tilbury'}),"frozenset({'Huda Beauty', 'Fenty Beauty'})",0.5979899497487438,0.09045226130653267,0.07537688442211055,0.1260504201680672,1.3935574229691874,1.0,0.02128734122875684,1.040732508697333,0.7024999999999999,0.12295081967213115,0.039138307256604256,0.47969187675070024,Charlotte Tilbury,"Huda Beauty, Fenty Beauty"
"frozenset({'Make Up By Mario', 'Fenty Beauty'})",frozenset({'Charlotte Tilbury'}),0.06532663316582915,0.5979899497487438,0.05527638190954774,0.8461538461538461,1.4149967679379443,1.0,0.016211711825458948,2.6130653266331656,0.31378299120234593,0.09090909090909093,0.6173076923076922,0.46929541047188106,"Make Up By Mario, Fenty Beauty",Charlotte Tilbury
"frozenset({'Make Up By Mario', 'Charlotte Tilbury'})",frozenset({'Fenty Beauty'}),0.20100502512562815,0.23115577889447236,0.05527638190954774,0.275,1.1896739130434784,1.0,0.008812908764930176,1.0604747877317622,0.1995425957690108,0.1466666666666667,0.0570261437908497,0.2570652173913044,"Make Up By Mario, Charlotte Tilbury",Fenty Beauty
"frozenset({'Fenty Beauty', 'Charlotte Tilbury'})",frozenset({'Make Up By Mario'}),0.15577889447236182,0.2814070351758794,0.05527638190954774,0.3548387096774194,1.2609447004608296,1.0,0.011439105073104215,1.113819095477387,0.24512987012987011,0.14473684210526316,0.102188134446199,0.27563364055299544,"Fenty Beauty, Charlotte Tilbury",Make Up By Mario
frozenset({'Make Up By Mario'}),"frozenset({'Fenty Beauty', 'Charlotte Tilbury'})",0.2814070351758794,0.15577889447236182,0.05527638190954774,0.19642857142857145,1.2609447004608296,1.0,0.011439105073104215,1.0505862646566164,0.28798474253019707,0.14473684210526316,0.04815051020408165,0.27563364055299544,Make Up By Mario,"Fenty Beauty, Charlotte Tilbury"
frozenset({'Fenty Beauty'}),"frozenset({'Make Up By Mario', 'Charlotte Tilbury'})",0.23115577889447236,0.20100502512562815,0.05527638190954774,0.2391304347826087,1.1896739130434781,1.0,0.008812908764930176,1.0501076812634602,0.20736779560308966,0.1466666666666667,0.0477167076838939,0.2570652173913044,Fenty Beauty,"Make Up By Mario, Charlotte Tilbury"
frozenset({'Charlotte Tilbury'}),"frozenset({'Make Up By Mario', 'Fenty Beauty'})",0.5979899497487438,0.06532663316582915,0.05527638190954774,0.09243697478991597,1.4149967679379443,1.0,0.016211711825458948,1.0298715801228364,0.7295454545454543,0.09090909090909093,0.029005150447275682,0.46929541047188106,Charlotte Tilbury,"Make Up By Mario, Fenty Beauty"
"frozenset({'Fenty Beauty', 'Rare Beauty'})",frozenset({'Charlotte Tilbury'}),0.09045226130653267,0.5979899497487438,0.06532663316582915,0.7222222222222222,1.207749766573296,1.0,0.011237089972475446,1.4472361809045224,0.18912027199320022,0.10483870967741936,0.3090277777777777,0.4157329598506069,"Fenty Beauty, Rare Beauty",Charlotte Tilbury
"frozenset({'Fenty Beauty', 'Charlotte Tilbury'})",frozenset({'Rare Beauty'}),0.15577889447236182,0.35175879396984927,0.06532663316582915,0.41935483870967744,1.1921658986175114,1.0,0.01053003712027474,1.11641541038526,0.19093406593406592,0.1477272727272727,0.1042760690172543,0.3025345622119816,"Fenty Beauty, Charlotte Tilbury",Rare Beauty
"frozenset({'Charlotte Tilbury', 'Rare Beauty'})",frozenset({'Fenty Beauty'}),0.19597989949748743,0.23115577889447236,0.06532663316582915,0.33333333333333337,1.4420289855072466,1.0,0.02002474684982703,1.1532663316582916,0.3812500000000001,0.18055555555555558,0.13289760348583882,0.30797101449275366,"Charlotte Tilbury, Rare Beauty",Fenty Beauty
frozenset({'Fenty Beauty'}),"frozenset({'Charlotte Tilbury', 'Rare Beauty'})",0.23115577889447236,0.19597989949748743,0.06532663316582915,0.28260869565217395,1.4420289855072466,1.0,0.02002474684982703,1.120755291609563,0.3986928104575165,0.18055555555555558,0.10774456521739136,0.30797101449275366,Fenty Beauty,"Charlotte Tilbury, Rare Beauty"
frozenset({'Rare Beauty'}),"frozenset({'Fenty Beauty', 'Charlotte Tilbury'})",0.35175879396984927,0.15577889447236182,0.06532663316582915,0.18571428571428572,1.1921658986175114,1.0,0.01053003712027474,1.0367627611742924,0.24865831842576025,0.1477272727272727,0.03545918367346938,0.3025345622119816,Rare Beauty,"Fenty Beauty, Charlotte Tilbury"
frozenset({'Charlotte Tilbury'}),"frozenset({'Fenty Beauty', 'Rare Beauty'})",0.5979899497487438,0.09045226130653267,0.06532663316582915,0.1092436974789916,1.207749766573296,1.0,0.011237089972475446,1.0210960462690815,0.42788461538461553,0.10483870967741936,0.020660197780769763,0.4157329598506069,Charlotte Tilbury,"Fenty Beauty, Rare Beauty"
"frozenset({'Huda Beauty', 'Charlotte Tilbury'})",frozenset({'Hourglass'}),0.17587939698492464,0.19597989949748743,0.05025125628140704,0.2857142857142857,1.4578754578754578,1.0,0.015782429736622812,1.1256281407035176,0.3810975609756097,0.15625,0.11160714285714285,0.2710622710622711,"Huda Beauty, Charlotte Tilbury",Hourglass
"frozenset({'Huda Beauty', 'Hourglass'})",frozenset({'Charlotte Tilbury'}),0.06030150753768844,0.5979899497487438,0.05025125628140704,0.8333333333333334,1.3935574229691876,1.0,0.014191560819171237,2.412060301507538,0.3005347593582889,0.08264462809917354,0.5854166666666667,0.4586834733893558,"Huda Beauty, Hourglass",Charlotte Tilbury
"frozenset({'Charlotte Tilbury', 'Hourglass'})",frozenset({'Huda Beauty'}),0.15577889447236182,0.2562814070351759,0.05025125628140704,0.3225806451612903,1.2586970271979758,1.0,0.010328022019645972,1.0978703039004545,0.243452380952381,0.1388888888888889,0.08914559721011332,0.2593295382669197,"Charlotte Tilbury, Hourglass",Huda Beauty
frozenset({'Huda Beauty'}),"frozenset({'Charlotte Tilbury', 'Hourglass'})",0.2562814070351759,0.15577889447236182,0.05025125628140704,0.19607843137254902,1.2586970271979758,1.0,0.010328022019645972,1.0501286922416961,0.2763513513513514,0.1388888888888889,0.04773576097105508,0.2593295382669197,Huda Beauty,"Charlotte Tilbury, Hourglass"
frozenset({'Charlotte Tilbury'}),"frozenset({'Huda Beauty', 'Hourglass'})",0.5979899497487438,0.06030150753768844,0.05025125628140704,0.08403361344537814,1.3935574229691876,1.0,0.014191560819171237,1.0259093633304135,0.7025000000000002,0.08264462809917354,0.02525502179481418,0.4586834733893558,Charlotte Tilbury,"Huda Beauty, Hourglass"
frozenset({'Hourglass'}),"frozenset({'Huda Beauty', 'Charlotte Tilbury'})",0.19597989949748743,0.17587939698492464,0.05025125628140704,0.25641025641025644,1.457875457875458,1.0,0.015782429736622812,1.1083001212961359,0.39062499999999994,0.15625,0.09771732332707944,0.2710622710622711,Hourglass,"Huda Beauty, Charlotte Tilbury"
"frozenset({'Make Up By Mario', 'Charlotte Tilbury'})",frozenset({'Hourglass'}),0.20100502512562815,0.19597989949748743,0.07035175879396985,0.35,1.785897435897436,1.0,0.03095881417135931,1.2369540007730964,0.550763701707098,0.2153846153846154,0.19156249999999997,0.35448717948717945,"Make Up By Mario, Charlotte Tilbury",Hourglass
"frozenset({'Make Up By Mario', 'Hourglass'})",frozenset({'Charlotte Tilbury'}),0.08542713567839195,0.5979899497487438,0.07035175879396985,0.823529411764706,1.3771626297577855,1.0,0.01926719022246913,2.2780569514237863,0.2994505494505495,0.11475409836065571,0.561029411764706,0.4705882352941177,"Make Up By Mario, Hourglass",Charlotte Tilbury
"frozenset({'Charlotte Tilbury', 'Hourglass'})",frozenset({'Make Up By Mario'}),0.15577889447236182,0.2814070351758794,0.07035175879396985,0.45161290322580644,1.6048387096774193,1.0,0.02651448195752632,1.3103754064439848,0.4464285714285714,0.1917808219178082,0.2368599142792691,0.35080645161290325,"Charlotte Tilbury, Hourglass",Make Up By Mario
frozenset({'Make Up By Mario'}),"frozenset({'Charlotte Tilbury', 'Hourglass'})",0.2814070351758794,0.15577889447236182,0.07035175879396985,0.25,1.6048387096774193,1.0,0.02651448195752632,1.1256281407035176,0.5244755244755245,0.1917808219178082,0.11160714285714285,0.35080645161290325,Make Up By Mario,"Charlotte Tilbury, Hourglass"
frozenset({'Charlotte Tilbury'}),"frozenset({'Make Up By Mario', 'Hourglass'})",0.5979899497487438,0.08542713567839195,0.07035175879396985,0.11764705882352941,1.3771626297577855,1.0,0.01926719022246913,1.0365159128978225,0.68125,0.11475409836065571,0.035229476405947,0.4705882352941177,Charlotte Tilbury,"Make Up By Mario, Hourglass"
frozenset({'Hourglass'}),"frozenset({'Make Up By Mario', 'Charlotte Tilbury'})",0.19597989949748743,0.20100502512562815,0.07035175879396985,0.358974358974359,1.7858974358974358,1.0,0.03095881417135931,1.2464321608040203,0.5473214285714285,0.2153846153846154,0.19771004676665052,0.35448717948717945,Hourglass,"Make Up By Mario, Charlotte Tilbury"
"frozenset({'Charlotte Tilbury', 'Hourglass'})",frozenset({'Patrick Ta Beauty'}),0.15577889447236182,0.12060301507537688,0.05527638190954774,0.3548387096774194,2.942204301075269,1.0,0.036488977551071944,1.3630653266331658,0.7819264069264069,0.25000000000000006,0.2663594470046083,0.40658602150537637,"Charlotte Tilbury, Hourglass",Patrick Ta Beauty
"frozenset({'Charlotte Tilbury', 'Patrick Ta Beauty'})",frozenset({'Hourglass'}),0.07035175879396985,0.19597989949748743,0.05527638190954774,0.7857142857142858,4.00915750915751,1.0,0.04148885129163406,3.7520938023450605,0.8073710073710075,0.261904761904762,0.733482142857143,0.533882783882784,"Charlotte Tilbury, Patrick Ta Beauty",Hourglass
"frozenset({'Hourglass', 'Patrick Ta Beauty'})",frozenset({'Charlotte Tilbury'}),0.06532663316582915,0.5979899497487438,0.05527638190954774,0.8461538461538461,1.4149967679379443,1.0,0.016211711825458948,2.6130653266331656,0.31378299120234593,0.09090909090909093,0.6173076923076922,0.46929541047188106,"Hourglass, Patrick Ta Beauty",Charlotte Tilbury
frozenset({'Charlotte Tilbury'}),"frozenset({'Hourglass', 'Patrick Ta Beauty'})",0.5979899497487438,0.06532663316582915,0.05527638190954774,0.09243697478991597,1.4149967679379443,1.0,0.016211711825458948,1.0298715801228364,0.7295454545454543,0.09090909090909093,0.029005150447275682,0.46929541047188106,Charlotte Tilbury,"Hourglass, Patrick Ta Beauty"
frozenset({'Hourglass'}),"frozenset({'Charlotte Tilbury', 'Patrick Ta Beauty'})",0.19597989949748743,0.07035175879396985,0.05527638190954774,0.2820512820512821,4.00915750915751,1.0,0.04148885129163406,1.2948671931083995,0.9335227272727273,0.261904761904762,0.22772002772002778,0.533882783882784,Hourglass,"Charlotte Tilbury, Patrick Ta Beauty"
frozenset({'Patrick Ta Beauty'}),"frozenset({'Charlotte Tilbury', 'Hourglass'})",0.12060301507537688,0.15577889447236182,0.05527638190954774,0.45833333333333337,2.942204301075269,1.0,0.036488977551071944,1.5585620409741014,0.7506493506493506,0.25000000000000006,0.35838293650793657,0.40658602150537637,Patrick Ta Beauty,"Charlotte Tilbury, Hourglass"
"frozenset({'Make Up By Mario', 'Charlotte Tilbury'})",frozenset({'Huda Beauty'}),0.20100502512562815,0.2562814070351759,0.08040201005025126,0.39999999999999997,1.56078431372549,1.0,0.028888159389914396,1.2395309882747068,0.4496855345911949,0.21333333333333335,0.1932432432432432,0.35686274509803917,"Make Up By Mario, Charlotte Tilbury",Huda Beauty
"frozenset({'Make Up By Mario', 'Huda Beauty'})",frozenset({'Charlotte Tilbury'}),0.10050251256281408,0.5979899497487438,0.08040201005025126,0.7999999999999999,1.33781512605042,1.0,0.02030251761319158,2.0100502512562803,0.2807262569832401,0.13008130081300812,0.5024999999999998,0.46722689075630247,"Make Up By Mario, Huda Beauty",Charlotte Tilbury
"frozenset({'Huda Beauty', 'Charlotte Tilbury'})",frozenset({'Make Up By Mario'}),0.17587939698492464,0.2814070351758794,0.08040201005025126,0.45714285714285713,1.6244897959183673,1.0,0.030908310396202114,1.3237238825707482,0.4664634146341463,0.21333333333333335,0.24455544455544453,0.37142857142857144,"Huda Beauty, Charlotte Tilbury",Make Up By Mario
frozenset({'Make Up By Mario'}),"frozenset({'Huda Beauty', 'Charlotte Tilbury'})",0.2814070351758794,0.17587939698492464,0.08040201005025126,0.2857142857142857,1.624489795918367,1.0,0.030908310396202114,1.1537688442211056,0.5349650349650349,0.21333333333333335,0.13327526132404177,0.37142857142857144,Make Up By Mario,"Huda Beauty, Charlotte Tilbury"
frozenset({'Charlotte Tilbury'}),"frozenset({'Make Up By Mario', 'Huda Beauty'})",0.5979899497487438,0.10050251256281408,0.08040201005025126,0.13445378151260504,1.33781512605042,1.0,0.02030251761319158,1.039225252475972,0.6281249999999998,0.13008130081300812,0.03774470682127598,0.46722689075630247,Charlotte Tilbury,"Make Up By Mario, Huda Beauty"
frozenset({'Huda Beauty'}),"frozenset({'Make Up By Mario', 'Charlotte Tilbury'})",0.2562814070351759,0.20100502512562815,0.08040201005025126,0.3137254901960784,1.5607843137254902,1.0,0.028888159389914396,1.1642498205312275,0.4831081081081081,0.21333333333333335,0.1410778147737082,0.35686274509803917,Huda Beauty,"Make Up By Mario, Charlotte Tilbury"
"frozenset({'Huda Beauty', 'Charlotte Tilbury'})",frozenset({'Rare Beauty'}),0.17587939698492464,0.35175879396984927,0.05025125628140704,0.2857142857142857,0.8122448979591835,1.0,-0.011615868286154393,0.907537688442211,-0.21904761904761907,0.10526315789473684,-0.10188261351052054,0.21428571428571427,"Huda Beauty, Charlotte Tilbury",Rare Beauty
"frozenset({'Huda Beauty', 'Rare Beauty'})",frozenset({'Charlotte Tilbury'}),0.08542713567839195,0.5979899497487438,0.05025125628140704,0.5882352941176471,0.9836875926841324,1.0,-0.000833312290093681,0.9763101220387652,-0.01780895844576355,0.07936507936507936,-0.024264705882352983,0.33613445378151263,"Huda Beauty, Rare Beauty",Charlotte Tilbury
"frozenset({'Charlotte Tilbury', 'Rare Beauty'})",frozenset({'Huda Beauty'}),0.19597989949748743,0.2562814070351759,0.05025125628140704,0.25641025641025644,1.0005027652086478,1.0,2.5251887578604804e-05,1.0001732801940737,0.0006250000000002055,0.12500000000000003,0.00017325017325021803,0.22624434389140274,"Charlotte Tilbury, Rare Beauty",Huda Beauty
frozenset({'Huda Beauty'}),"frozenset({'Charlotte Tilbury', 'Rare Beauty'})",0.2562814070351759,0.19597989949748743,0.05025125628140704,0.19607843137254902,1.0005027652086476,1.0,2.5251887578604804e-05,1.0001225640397107,0.0006756756756758979,0.12500000000000003,0.0001225490196078545,0.22624434389140274,Huda Beauty,"Charlotte Tilbury, Rare Beauty"
frozenset({'Charlotte Tilbury'}),"frozenset({'Huda Beauty', 'Rare Beauty'})",0.5979899497487438,0.08542713567839195,0.05025125628140704,0.08403361344537814,0.9836875926841324,1.0,-0.000833312290093681,0.998478631690563,-0.03961584633853525,0.07936507936507936,-0.0015236863976359801,0.33613445378151263,Charlotte Tilbury,"Huda Beauty, Rare Beauty"
frozenset({'Rare Beauty'}),"frozenset({'Huda Beauty', 'Charlotte Tilbury'})",0.35175879396984927,0.17587939698492464,0.05025125628140704,0.14285714285714285,0.8122448979591835,1.0,-0.011615868286154393,0.9614740368509213,-0.2628571428571429,0.10526315789473684,-0.04006968641114985,0.21428571428571427,Rare Beauty,"Huda Beauty, Charlotte Tilbury"
"frozenset({'Make Up By Mario', 'Charlotte Tilbury'})",frozenset({'Rare Beauty'}),0.20100502512562815,0.35175879396984927,0.07537688442211055,0.37499999999999994,1.0660714285714283,1.0,0.004671599202040341,1.0371859296482413,0.07756813417190758,0.15789473684210523,0.03585271317829445,0.2946428571428571,"Make Up By Mario, Charlotte Tilbury",Rare Beauty
"frozenset({'Make Up By Mario', 'Rare Beauty'})",frozenset({'Charlotte Tilbury'}),0.10050251256281408,0.5979899497487438,0.07537688442211055,0.7499999999999999,1.2542016806722687,1.0,0.015277391985050869,1.6080402010050243,0.22532588454376143,0.12096774193548385,0.37812499999999966,0.43802521008403356,"Make Up By Mario, Rare Beauty",Charlotte Tilbury
"frozenset({'Charlotte Tilbury', 'Rare Beauty'})",frozenset({'Make Up By Mario'}),0.19597989949748743,0.2814070351758794,0.07537688442211055,0.3846153846153846,1.3667582417582416,1.0,0.020226761950455793,1.1677135678391959,0.33374999999999994,0.1875,0.14362560516406667,0.3262362637362637,"Charlotte Tilbury, Rare Beauty",Make Up By Mario
frozenset({'Make Up By Mario'}),"frozenset({'Charlotte Tilbury', 'Rare Beauty'})",0.2814070351758794,0.19597989949748743,0.07537688442211055,0.26785714285714285,1.3667582417582418,1.0,0.020226761950455793,1.0981737958083098,0.3734265734265734,0.1875,0.08939732142857143,0.3262362637362637,Make Up By Mario,"Charlotte Tilbury, Rare Beauty"
frozenset({'Charlotte Tilbury'}),"frozenset({'Make Up By Mario', 'Rare Beauty'})",0.5979899497487438,0.10050251256281408,0.07537688442211055,0.1260504201680672,1.2542016806722684,1.0,0.015277391985050869,1.0292327019713954,0.5041666666666663,0.12096774193548385,0.02840242242148252,0.43802521008403356,Charlotte Tilbury,"Make Up By Mario, Rare Beauty"
frozenset({'Rare Beauty'}),"frozenset({'Make Up By Mario', 'Charlotte Tilbury'})",0.35175879396984927,0.20100502512562815,0.07537688442211055,0.21428571428571425,1.0660714285714283,1.0,0.004671599202040341,1.016902695294655,0.09560723514211864,0.15789473684210523,0.016621743036837316,0.2946428571428571,Rare Beauty,"Make Up By Mario, Charlotte Tilbury"
"frozenset({'Make Up By Mario', 'Dior Beauty'})",frozenset({'Hourglass'}),0.10050251256281408,0.19597989949748743,0.05025125628140704,0.5,2.5512820512820515,1.0,0.03055478397010177,1.6080402010050252,0.675977653631285,0.20408163265306123,0.37812500000000004,0.3782051282051282,"Make Up By Mario, Dior Beauty",Hourglass
"frozenset({'Make Up By Mario', 'Hourglass'})",frozenset({'Dior Beauty'}),0.08542713567839195,0.19597989949748743,0.05025125628140704,0.5882352941176471,3.001508295625943,1.0,0.03350925481679756,1.9526202440775307,0.7291208791208793,0.2173913043478261,0.4878676470588236,0.4223227752639518,"Make Up By Mario, Hourglass",Dior Beauty
"frozenset({'Dior Beauty', 'Hourglass'})",frozenset({'Make Up By Mario'}),0.07035175879396985,0.2814070351758794,0.05025125628140704,0.7142857142857143,2.538265306122449,1.0,0.03045377641978738,2.5150753768844223,0.6518918918918918,0.16666666666666669,0.6023976023976024,0.44642857142857145,"Dior Beauty, Hourglass",Make Up By Mario
frozenset({'Make Up By Mario'}),"frozenset({'Dior Beauty', 'Hourglass'})",0.2814070351758794,0.07035175879396985,0.05025125628140704,0.17857142857142858,2.538265306122449,1.0,0.03045377641978738,1.1317456849464715,0.8433566433566434,0.16666666666666669,0.11640926640926641,0.44642857142857145,Make Up By Mario,"Dior Beauty, Hourglass"
frozenset({'Dior Beauty'}),"frozenset({'Make Up By Mario', 'Hourglass'})",0.19597989949748743,0.08542713567839195,0.05025125628140704,0.25641025641025644,3.001508295625943,1.0,0.03350925481679756,1.2299428175359555,0.8293750000000001,0.2173913043478261,0.18695407156945626,0.4223227752639518,Dior Beauty,"Make Up By Mario, Hourglass"
frozenset({'Hourglass'}),"frozenset({'Make Up By Mario', 'Dior Beauty'})",0.19597989949748743,0.10050251256281408,0.05025125628140704,0.25641025641025644,2.5512820512820515,1.0,0.03055478397010177,1.209669034829319,0.75625,0.20408163265306123,0.1733276034952013,0.3782051282051282,Hourglass,"Make Up By Mario, Dior Beauty"
